theta,phi,Pol.,S_11,S_12,S_21,S_22,S_31,S_41,Qsca,Qbk,Qpol,shape,size_param,radius,wavelength
0.0,0.0,2e-05,1.420490235445874,7.6296e-06,7.629e-06,21.25,-0.0003301,1.173e-06,2.866,0.035427,4.53e-06,SPHERE,2.182,0.1711,0.4927
5.0,0.0,0.00194,1.399564295609918,-0.040404,-0.0404,20.93,-0.004323,-0.0004112,2.866,0.035427,4.53e-06,SPHERE,2.182,0.1711,0.4927
10.0,0.0,0.00733,1.3452103368666837,-0.14722,-0.1472,20.12,-0.008046,-0.0008163,2.866,0.035427,4.53e-06,SPHERE,2.182,0.1711,0.4927
15.0,0.0,0.01611,1.2613728654472305,-0.30383,-0.3038,18.87,-0.0112,-0.001243,2.866,0.035427,4.53e-06,SPHERE,2.182,0.1711,0.4927
20.0,0.0,0.0282,1.1539352126792388,-0.48655,-0.4865,17.26,-0.01351,-0.001715,2.866,0.035427,4.53e-06,SPHERE,2.182,0.1711,0.4927
25.0,0.0,0.04339,1.0299172625332371,-0.6682,-0.6682,15.41,-0.01478,-0.002255,2.866,0.035427,4.53e-06,SPHERE,2.182,0.1711,0.4927
30.0,0.0,0.06128,0.897074315395714,-0.8221,-0.8221,13.42,-0.01487,-0.002855,2.866,0.035427,4.53e-06,SPHERE,2.182,0.1711,0.4927
35.0,0.0,0.08121,0.7626936793884562,-0.92633,-0.9263,11.41,-0.01375,-0.003499,2.866,0.035427,4.53e-06,SPHERE,2.182,0.1711,0.4927
40.0,0.0,0.10193,0.6334810151042637,-0.96577,-0.9658,9.475,-0.01147,-0.004146,2.866,0.035427,4.53e-06,SPHERE,2.182,0.1711,0.4927
45.0,0.0,0.12143,0.5146778359077974,-0.9348,-0.9348,7.698,-0.008179,-0.004757,2.866,0.035427,4.53e-06,SPHERE,2.182,0.1711,0.4927
50.0,0.0,0.13643,0.4099344814637323,-0.83656,-0.8366,6.131,-0.00407,-0.005262,2.866,0.035427,4.53e-06,SPHERE,2.182,0.1711,0.4927
55.0,0.0,0.14191,0.321270004114068,-0.68192,-0.6819,4.805,0.0005727,-0.005596,2.866,0.035427,4.53e-06,SPHERE,2.182,0.1711,0.4927
60.0,0.0,0.13078,0.2491390249159434,-0.48733,-0.4873,3.726,0.005455,-0.005712,2.866,0.035427,4.53e-06,SPHERE,2.182,0.1711,0.4927
65.0,0.0,0.09443,0.19271252900045802,-0.27202,-0.272,2.882,0.01028,-0.005556,2.866,0.035427,4.53e-06,SPHERE,2.182,0.1711,0.4927
70.0,0.0,0.02544,0.15024557378065198,-0.055238,-0.05522,2.247,0.01477,-0.005108,2.866,0.035427,4.53e-06,SPHERE,2.182,0.1711,0.4927
75.0,0.0,0.0825,0.11943162595192305,0.14617,0.1462,1.786,0.01868,-0.00437,2.866,0.035427,4.53e-06,SPHERE,2.182,0.1711,0.4927
80.0,0.0,0.21894,0.09775021288866251,0.31935,0.3194,1.462,0.02183,-0.003361,2.866,0.035427,4.53e-06,SPHERE,2.182,0.1711,0.4927
85.0,0.0,0.36906,0.08278114602198339,0.45633,0.4563,1.238,0.02408,-0.002123,2.866,0.035427,4.53e-06,SPHERE,2.182,0.1711,0.4927
90.0,0.0,0.51202,0.07239840334938283,0.55387,0.5539,1.082,0.0254,-0.0007108,2.866,0.035427,4.53e-06,SPHERE,2.182,0.1711,0.4927
95.0,0.0,0.63203,0.06489314454432075,0.61291,0.6129,0.9701,0.02579,0.0008021,2.866,0.035427,4.53e-06,SPHERE,2.182,0.1711,0.4927
100.0,0.0,0.72265,0.05902452154495902,0.63748,0.6375,0.8823,0.02531,0.002346,2.866,0.035427,4.53e-06,SPHERE,2.182,0.1711,0.4927
105.0,0.0,0.78488,0.053991599018279234,0.63338,0.6334,0.8071,0.02407,0.003847,2.866,0.035427,4.53e-06,SPHERE,2.182,0.1711,0.4927
110.0,0.0,0.82275,0.04936716688264639,0.60711,0.6071,0.7379,0.0222,0.005234,2.866,0.035427,4.53e-06,SPHERE,2.182,0.1711,0.4927
115.0,0.0,0.83969,0.045012164579406204,0.56498,0.565,0.6728,0.01987,0.006449,2.866,0.035427,4.53e-06,SPHERE,2.182,0.1711,0.4927
120.0,0.0,0.83667,0.04097138565389443,0.51244,0.5124,0.6124,0.01725,0.007447,2.866,0.035427,4.53e-06,SPHERE,2.182,0.1711,0.4927
125.0,0.0,0.81203,0.03738790202703422,0.45387,0.4539,0.5589,0.01448,0.008183,2.866,0.035427,4.53e-06,SPHERE,2.182,0.1711,0.4927
130.0,0.0,0.76279,0.03442885379336197,0.39263,0.3926,0.5147,0.01173,0.008643,2.866,0.035427,4.53e-06,SPHERE,2.182,0.1711,0.4927
135.0,0.0,0.68726,0.032225947347372344,0.33114,0.3312,0.4818,0.009115,0.008806,2.866,0.035427,4.53e-06,SPHERE,2.182,0.1711,0.4927
140.0,0.0,0.58809,0.030846038726879906,0.27124,0.2712,0.4612,0.006749,0.00868,2.866,0.035427,4.53e-06,SPHERE,2.182,0.1711,0.4927
145.0,0.0,0.47359,0.03027241392243101,0.21438,0.2144,0.4526,0.004707,0.008272,2.866,0.035427,4.53e-06,SPHERE,2.182,0.1711,0.4927
150.0,0.0,0.35594,0.030406125998060123,0.16184,0.1619,0.4547,0.003037,0.007603,2.866,0.035427,4.53e-06,SPHERE,2.182,0.1711,0.4927
155.0,0.0,0.24712,0.031078697738474558,0.11486,0.1149,0.4648,0.001753,0.006701,2.866,0.035427,4.53e-06,SPHERE,2.182,0.1711,0.4927
160.0,0.0,0.1555,0.03207552126228959,0.074591,0.0746,0.4797,0.0008474,0.005601,2.866,0.035427,4.53e-06,SPHERE,2.182,0.1711,0.4927
165.0,0.0,0.08499,0.03316460611828871,0.042152,0.04216,0.496,0.0002821,0.004341,2.866,0.035427,4.53e-06,SPHERE,2.182,0.1711,0.4927
170.0,0.0,0.03624,0.03412198457979315,0.01849,0.0185,0.5104,-4.464e-06,0.00296,2.866,0.035427,4.53e-06,SPHERE,2.182,0.1711,0.4927
175.0,0.0,0.00828,0.034765139663569186,0.0043007,0.004304,0.52,-9.045e-05,0.001499,2.866,0.035427,4.53e-06,SPHERE,2.182,0.1711,0.4927
180.0,0.0,0.00013,0.03497172482041617,-3.8732e-07,-3.875e-07,0.5231,-6.83e-05,-1.02e-07,2.866,0.035427,4.53e-06,SPHERE,2.182,0.1711,0.4927
185.0,0.0,0.01087,0.03469828362575463,0.0056458,0.005642,0.519,-3.782e-05,-0.001498,2.866,0.035427,4.53e-06,SPHERE,2.182,0.1711,0.4927
190.0,0.0,0.04121,0.03398091834000444,0.020955,0.02095,0.5083,-9.86e-05,-0.002952,2.866,0.035427,4.53e-06,SPHERE,2.182,0.1711,0.4927
195.0,0.0,0.09195,0.03293595846896293,0.045308,0.0453,0.4926,-0.0003443,-0.004324,2.866,0.035427,4.53e-06,SPHERE,2.182,0.1711,0.4927
200.0,0.0,0.1639,0.03174124107321681,0.077827,0.07781,0.4747,-0.0008556,-0.005573,2.866,0.035427,4.53e-06,SPHERE,2.182,0.1711,0.4927
205.0,0.0,0.25645,0.030614048275663393,0.11744,0.1174,0.4578,-0.001694,-0.006657,2.866,0.035427,4.53e-06,SPHERE,2.182,0.1711,0.4927
210.0,0.0,0.36584,0.029781022044494027,0.16296,0.1629,0.4453,-0.002897,-0.007539,2.866,0.035427,4.53e-06,SPHERE,2.182,0.1711,0.4927
215.0,0.0,0.48396,0.02945075321769012,0.21317,0.2131,0.4404,-0.004471,-0.008178,2.866,0.035427,4.53e-06,SPHERE,2.182,0.1711,0.4927
220.0,0.0,0.59912,0.029784364846384755,0.26685,0.2668,0.4453,-0.006396,-0.008546,2.866,0.035427,4.53e-06,SPHERE,2.182,0.1711,0.4927
225.0,0.0,0.69915,0.03087278114200573,0.32276,0.3227,0.4616,-0.008624,-0.00862,2.866,0.035427,4.53e-06,SPHERE,2.182,0.1711,0.4927
230.0,0.0,0.77554,0.03272736763098152,0.3795,0.3795,0.4892,-0.01107,-0.008385,2.866,0.035427,4.53e-06,SPHERE,2.182,0.1711,0.4927
235.0,0.0,0.82535,0.03527859403398498,0.43532,0.4353,0.5274,-0.01363,-0.007845,2.866,0.035427,4.53e-06,SPHERE,2.182,0.1711,0.4927
240.0,0.0,0.84992,0.03839809675841216,0.48789,0.4879,0.574,-0.01618,-0.007014,2.866,0.035427,4.53e-06,SPHERE,2.182,0.1711,0.4927
245.0,0.0,0.85184,0.041934112598424035,0.53399,0.534,0.6268,-0.01857,-0.00592,2.866,0.035427,4.53e-06,SPHERE,2.182,0.1711,0.4927
250.0,0.0,0.83216,0.04577164916897956,0.56935,0.5693,0.6842,-0.02066,-0.004615,2.866,0.035427,4.53e-06,SPHERE,2.182,0.1711,0.4927
255.0,0.0,0.78913,0.04990803222856615,0.58867,0.5887,0.746,-0.02231,-0.003153,2.866,0.035427,4.53e-06,SPHERE,2.182,0.1711,0.4927
260.0,0.0,0.71858,0.05454516701138376,0.5858,0.5858,0.8154,-0.02337,-0.001598,2.866,0.035427,4.53e-06,SPHERE,2.182,0.1711,0.4927
265.0,0.0,0.61642,0.06018647948217601,0.55441,0.5544,0.8997,-0.02375,-2.616e-05,2.866,0.035427,4.53e-06,SPHERE,2.182,0.1711,0.4927
270.0,0.0,0.48319,0.06772516630614535,0.48889,0.4889,1.012,-0.02334,0.001493,2.866,0.035427,4.53e-06,SPHERE,2.182,0.1711,0.4927
275.0,0.0,0.32886,0.07849567399807034,0.38548,0.3855,1.174,-0.02211,0.002887,2.866,0.035427,4.53e-06,SPHERE,2.182,0.1711,0.4927
280.0,0.0,0.17325,0.09431381254499432,0.24356,0.2436,1.41,-0.02005,0.004106,2.866,0.035427,4.53e-06,SPHERE,2.182,0.1711,0.4927
285.0,0.0,0.03924,0.11737914559101618,0.066685,0.0667,1.755,-0.01723,0.005097,2.866,0.035427,4.53e-06,SPHERE,2.182,0.1711,0.4927
290.0,0.0,0.06112,0.15017871774283742,-0.13661,-0.1366,2.246,-0.01373,0.005834,2.866,0.035427,4.53e-06,SPHERE,2.182,0.1711,0.4927
295.0,0.0,0.12092,0.19523968722984825,-0.35301,-0.353,2.92,-0.009735,0.006297,2.866,0.035427,4.53e-06,SPHERE,2.182,0.1711,0.4927
300.0,0.0,0.14828,0.2548284737339621,-0.56519,-0.5652,3.811,-0.005431,0.006497,2.866,0.035427,4.53e-06,SPHERE,2.182,0.1711,0.4927
305.0,0.0,0.15239,0.33056299337029127,-0.7535,-0.7535,4.944,-0.00106,0.006435,2.866,0.035427,4.53e-06,SPHERE,2.182,0.1711,0.4927
310.0,0.0,0.14201,0.4230583216867297,-0.89866,-0.8986,6.328,0.003123,0.006158,2.866,0.035427,4.53e-06,SPHERE,2.182,0.1711,0.4927
315.0,0.0,0.12384,0.5315656710597543,-0.98463,-0.9846,7.951,0.006863,0.005694,2.866,0.035427,4.53e-06,SPHERE,2.182,0.1711,0.4927
320.0,0.0,0.1024,0.6537116521469484,-1.0012,-1.001,9.778,0.009917,0.005093,2.866,0.035427,4.53e-06,SPHERE,2.182,0.1711,0.4927
325.0,0.0,0.08058,0.7854247322454053,-0.94657,-0.9466,11.75,0.01209,0.004401,2.866,0.035427,4.53e-06,SPHERE,2.182,0.1711,0.4927
330.0,0.0,0.06013,0.9210756329711397,-0.82827,-0.8283,13.78,0.01323,0.003658,2.866,0.035427,4.53e-06,SPHERE,2.182,0.1711,0.4927
335.0,0.0,0.04206,1.0537848680330337,-0.6628,-0.6628,15.76,0.01327,0.002915,2.866,0.035427,4.53e-06,SPHERE,2.182,0.1711,0.4927
340.0,0.0,0.02694,1.175863993082413,-0.4736,-0.4736,17.59,0.01221,0.002202,2.866,0.035427,4.53e-06,SPHERE,2.182,0.1711,0.4927
345.0,0.0,0.01506,1.2796914198084186,-0.28809,-0.2881,19.14,0.01013,0.001548,2.866,0.035427,4.53e-06,SPHERE,2.182,0.1711,0.4927
350.0,0.0,0.00658,1.3583809763161514,-0.1335,-0.1335,20.32,0.007191,0.0009641,2.866,0.035427,4.53e-06,SPHERE,2.182,0.1711,0.4927
355.0,0.0,0.00156,1.406450467504817,-0.032558,-0.03256,21.04,0.00361,0.0004515,2.866,0.035427,4.53e-06,SPHERE,2.182,0.1711,0.4927
360.0,0.0,2e-05,1.420490235445874,9.5369e-06,9.537e-06,21.25,-0.0003301,1.24e-06,2.866,0.035427,4.53e-06,SPHERE,2.182,0.1711,0.4927
0.0,90.0,2e-05,1.420490235445874,-7.6296e-06,-7.629e-06,21.25,0.0003301,1.19e-06,2.866,0.035427,4.53e-06,SPHERE,2.182,0.1711,0.4927
5.0,90.0,0.00195,1.399564295609918,-0.040516,-0.04052,20.93,0.004323,0.0004147,2.866,0.035427,4.53e-06,SPHERE,2.182,0.1711,0.4927
10.0,90.0,0.00733,1.3452103368666837,-0.14719,-0.1472,20.12,0.008048,0.0008191,2.866,0.035427,4.53e-06,SPHERE,2.182,0.1711,0.4927
15.0,90.0,0.01611,1.2613728654472305,-0.3038,-0.3038,18.87,0.0112,0.001246,2.866,0.035427,4.53e-06,SPHERE,2.182,0.1711,0.4927
20.0,90.0,0.0282,1.1539352126792388,-0.48656,-0.4866,17.26,0.01351,0.00172,2.866,0.035427,4.53e-06,SPHERE,2.182,0.1711,0.4927
25.0,90.0,0.04339,1.0299172625332371,-0.66822,-0.6682,15.41,0.01478,0.002256,2.866,0.035427,4.53e-06,SPHERE,2.182,0.1711,0.4927
30.0,90.0,0.06128,0.8970074593578995,-0.82205,-0.822,13.42,0.01487,0.002855,2.866,0.035427,4.53e-06,SPHERE,2.182,0.1711,0.4927
35.0,90.0,0.0812,0.7626936793884562,-0.92622,-0.9262,11.41,0.01375,0.003498,2.866,0.035427,4.53e-06,SPHERE,2.182,0.1711,0.4927
40.0,90.0,0.10193,0.6334810151042637,-0.96576,-0.9658,9.475,0.01147,0.00415,2.866,0.035427,4.53e-06,SPHERE,2.182,0.1711,0.4927
45.0,90.0,0.12143,0.5146778359077974,-0.9348,-0.9348,7.698,0.008174,0.004759,2.866,0.035427,4.53e-06,SPHERE,2.182,0.1711,0.4927
50.0,90.0,0.13643,0.4099411670675138,-0.83657,-0.8366,6.131,0.004071,0.005262,2.866,0.035427,4.53e-06,SPHERE,2.182,0.1711,0.4927
55.0,90.0,0.1419,0.321270004114068,-0.68192,-0.6819,4.805,-0.0005707,0.005598,2.866,0.035427,4.53e-06,SPHERE,2.182,0.1711,0.4927
60.0,90.0,0.13078,0.2491390249159434,-0.48733,-0.4873,3.726,-0.005455,0.00571,2.866,0.035427,4.53e-06,SPHERE,2.182,0.1711,0.4927
65.0,90.0,0.09444,0.19271252900045802,-0.27204,-0.272,2.882,-0.01028,0.005556,2.866,0.035427,4.53e-06,SPHERE,2.182,0.1711,0.4927
70.0,90.0,0.02544,0.15024557378065198,-0.055238,-0.05522,2.247,-0.01477,0.00511,2.866,0.035427,4.53e-06,SPHERE,2.182,0.1711,0.4927
75.0,90.0,0.0825,0.11943162595192305,0.14617,0.1462,1.786,-0.01868,0.004372,2.866,0.035427,4.53e-06,SPHERE,2.182,0.1711,0.4927
80.0,90.0,0.21894,0.09775021288866251,0.31936,0.3194,1.462,-0.02182,0.003363,2.866,0.035427,4.53e-06,SPHERE,2.182,0.1711,0.4927
85.0,90.0,0.36906,0.08278114602198339,0.45632,0.4563,1.238,-0.02408,0.002123,2.866,0.035427,4.53e-06,SPHERE,2.182,0.1711,0.4927
90.0,90.0,0.51202,0.07239840334938283,0.55386,0.5539,1.082,-0.0254,0.0007117,2.866,0.035427,4.53e-06,SPHERE,2.182,0.1711,0.4927
95.0,90.0,0.63203,0.0648938131046989,0.61292,0.6129,0.9701,-0.02579,-0.0008027,2.866,0.035427,4.53e-06,SPHERE,2.182,0.1711,0.4927
100.0,90.0,0.72264,0.05902452154495902,0.63747,0.6375,0.8823,-0.02531,-0.002346,2.866,0.035427,4.53e-06,SPHERE,2.182,0.1711,0.4927
105.0,90.0,0.78487,0.05399093045790109,0.63337,0.6334,0.8071,-0.02407,-0.003846,2.866,0.035427,4.53e-06,SPHERE,2.182,0.1711,0.4927
110.0,90.0,0.82275,0.04936716688264639,0.60711,0.6071,0.7379,-0.0222,-0.005234,2.866,0.035427,4.53e-06,SPHERE,2.182,0.1711,0.4927
115.0,90.0,0.83969,0.045012164579406204,0.56498,0.565,0.6728,-0.01987,-0.00645,2.866,0.035427,4.53e-06,SPHERE,2.182,0.1711,0.4927
120.0,90.0,0.83667,0.04097071709351629,0.51243,0.5124,0.6124,-0.01725,-0.007446,2.866,0.035427,4.53e-06,SPHERE,2.182,0.1711,0.4927
125.0,90.0,0.81203,0.03738790202703422,0.45387,0.4539,0.5589,-0.01448,-0.008184,2.866,0.035427,4.53e-06,SPHERE,2.182,0.1711,0.4927
130.0,90.0,0.76279,0.03442818523298382,0.39263,0.3926,0.5147,-0.01173,-0.008642,2.866,0.035427,4.53e-06,SPHERE,2.182,0.1711,0.4927
135.0,90.0,0.68726,0.032225947347372344,0.33114,0.3312,0.4818,-0.009115,-0.008807,2.866,0.035427,4.53e-06,SPHERE,2.182,0.1711,0.4927
140.0,90.0,0.58809,0.03084670728725805,0.27124,0.2713,0.4612,-0.00675,-0.00868,2.866,0.035427,4.53e-06,SPHERE,2.182,0.1711,0.4927
145.0,90.0,0.47359,0.03027241392243101,0.21438,0.2144,0.4527,-0.004708,-0.008272,2.866,0.035427,4.53e-06,SPHERE,2.182,0.1711,0.4927
150.0,90.0,0.35594,0.030406125998060123,0.16184,0.1619,0.4547,-0.003036,-0.007603,2.866,0.035427,4.53e-06,SPHERE,2.182,0.1711,0.4927
155.0,90.0,0.24712,0.031078697738474558,0.11485,0.1149,0.4648,-0.001753,-0.006702,2.866,0.035427,4.53e-06,SPHERE,2.182,0.1711,0.4927
160.0,90.0,0.1555,0.03207552126228959,0.074591,0.0746,0.4797,-0.0008477,-0.005602,2.866,0.035427,4.53e-06,SPHERE,2.182,0.1711,0.4927
165.0,90.0,0.085,0.03316460611828871,0.042155,0.04216,0.496,-0.000282,-0.004341,2.866,0.035427,4.53e-06,SPHERE,2.182,0.1711,0.4927
170.0,90.0,0.03623,0.03412198457979315,0.018488,0.01849,0.5104,4.341e-06,-0.00296,2.866,0.035427,4.53e-06,SPHERE,2.182,0.1711,0.4927
175.0,90.0,0.00828,0.03476580822394733,0.0043029,0.004306,0.52,9.031e-05,-0.001499,2.866,0.035427,4.53e-06,SPHERE,2.182,0.1711,0.4927
180.0,90.0,0.00013,0.03497172482041617,3.8731e-07,3.876e-07,0.5231,6.83e-05,-1.093e-07,2.866,0.035427,4.53e-06,SPHERE,2.182,0.1711,0.4927
185.0,90.0,0.01087,0.034697615065376476,0.0056465,0.005643,0.519,3.778e-05,0.001497,2.866,0.035427,4.53e-06,SPHERE,2.182,0.1711,0.4927
190.0,90.0,0.04121,0.03398091834000444,0.020955,0.02095,0.5083,9.872e-05,0.002952,2.866,0.035427,4.53e-06,SPHERE,2.182,0.1711,0.4927
195.0,90.0,0.09195,0.03293595846896293,0.045309,0.0453,0.4926,0.0003447,0.004324,2.866,0.035427,4.53e-06,SPHERE,2.182,0.1711,0.4927
200.0,90.0,0.1639,0.03174124107321681,0.077827,0.07781,0.4747,0.0008561,0.005573,2.866,0.035427,4.53e-06,SPHERE,2.182,0.1711,0.4927
205.0,90.0,0.25646,0.030614048275663393,0.11744,0.1174,0.4578,0.001694,0.006657,2.866,0.035427,4.53e-06,SPHERE,2.182,0.1711,0.4927
210.0,90.0,0.36584,0.029781022044494027,0.16296,0.1629,0.4453,0.002896,0.007538,2.866,0.035427,4.53e-06,SPHERE,2.182,0.1711,0.4927
215.0,90.0,0.48396,0.02945075321769012,0.21316,0.2131,0.4404,0.004471,0.008178,2.866,0.035427,4.53e-06,SPHERE,2.182,0.1711,0.4927
220.0,90.0,0.59911,0.029784364846384755,0.26685,0.2668,0.4453,0.006397,0.008546,2.866,0.035427,4.53e-06,SPHERE,2.182,0.1711,0.4927
225.0,90.0,0.69915,0.03087278114200573,0.32276,0.3227,0.4616,0.008624,0.008619,2.866,0.035427,4.53e-06,SPHERE,2.182,0.1711,0.4927
230.0,90.0,0.77554,0.03272736763098152,0.3795,0.3795,0.4893,0.01107,0.008385,2.866,0.035427,4.53e-06,SPHERE,2.182,0.1711,0.4927
235.0,90.0,0.82535,0.03527859403398498,0.43532,0.4353,0.5274,0.01363,0.007844,2.866,0.035427,4.53e-06,SPHERE,2.182,0.1711,0.4927
240.0,90.0,0.84993,0.03839876531879031,0.4879,0.4879,0.574,0.01618,0.007012,2.866,0.035427,4.53e-06,SPHERE,2.182,0.1711,0.4927
245.0,90.0,0.85184,0.041934112598424035,0.53399,0.534,0.6268,0.01857,0.005921,2.866,0.035427,4.53e-06,SPHERE,2.182,0.1711,0.4927
250.0,90.0,0.83216,0.04577164916897956,0.56936,0.5694,0.6842,0.02066,0.004614,2.866,0.035427,4.53e-06,SPHERE,2.182,0.1711,0.4927
255.0,90.0,0.78913,0.04990803222856615,0.58867,0.5887,0.746,0.02231,0.003152,2.866,0.035427,4.53e-06,SPHERE,2.182,0.1711,0.4927
260.0,90.0,0.71858,0.05454516701138376,0.58579,0.5858,0.8154,0.02337,0.001599,2.866,0.035427,4.53e-06,SPHERE,2.182,0.1711,0.4927
265.0,90.0,0.61642,0.06018647948217601,0.55441,0.5544,0.8997,0.02375,2.731e-05,2.866,0.035427,4.53e-06,SPHERE,2.182,0.1711,0.4927
270.0,90.0,0.48319,0.06772516630614535,0.48889,0.4889,1.012,0.02334,-0.00149,2.866,0.035427,4.53e-06,SPHERE,2.182,0.1711,0.4927
275.0,90.0,0.32887,0.07849567399807034,0.38548,0.3855,1.174,0.02211,-0.002887,2.866,0.035427,4.53e-06,SPHERE,2.182,0.1711,0.4927
280.0,90.0,0.17324,0.09431381254499432,0.24355,0.2436,1.41,0.02005,-0.004104,2.866,0.035427,4.53e-06,SPHERE,2.182,0.1711,0.4927
285.0,90.0,0.03924,0.11737914559101618,0.066694,0.06671,1.755,0.01723,-0.005096,2.866,0.035427,4.53e-06,SPHERE,2.182,0.1711,0.4927
290.0,90.0,0.06112,0.15017871774283742,-0.13662,-0.1366,2.246,0.01373,-0.005831,2.866,0.035427,4.53e-06,SPHERE,2.182,0.1711,0.4927
295.0,90.0,0.12092,0.19523968722984825,-0.35302,-0.353,2.92,0.009736,-0.006296,2.866,0.035427,4.53e-06,SPHERE,2.182,0.1711,0.4927
300.0,90.0,0.14828,0.2548284737339621,-0.56518,-0.5652,3.811,0.005431,-0.006492,2.866,0.035427,4.53e-06,SPHERE,2.182,0.1711,0.4927
305.0,90.0,0.15239,0.33056299337029127,-0.75351,-0.7535,4.944,0.001059,-0.006435,2.866,0.035427,4.53e-06,SPHERE,2.182,0.1711,0.4927
310.0,90.0,0.14202,0.4230583216867297,-0.89869,-0.8987,6.328,-0.003124,-0.006156,2.866,0.035427,4.53e-06,SPHERE,2.182,0.1711,0.4927
315.0,90.0,0.12384,0.5315656710597543,-0.98462,-0.9846,7.951,-0.006862,-0.005693,2.866,0.035427,4.53e-06,SPHERE,2.182,0.1711,0.4927
320.0,90.0,0.1024,0.6537116521469484,-1.0012,-1.001,9.778,-0.009915,-0.005091,2.866,0.035427,4.53e-06,SPHERE,2.182,0.1711,0.4927
325.0,90.0,0.08058,0.7854247322454053,-0.94659,-0.9466,11.75,-0.01209,-0.004396,2.866,0.035427,4.53e-06,SPHERE,2.182,0.1711,0.4927
330.0,90.0,0.06013,0.9210756329711397,-0.82832,-0.8283,13.78,-0.01323,-0.003655,2.866,0.035427,4.53e-06,SPHERE,2.182,0.1711,0.4927
335.0,90.0,0.04206,1.0537848680330337,-0.66277,-0.6628,15.76,-0.01327,-0.002911,2.866,0.035427,4.53e-06,SPHERE,2.182,0.1711,0.4927
340.0,90.0,0.02694,1.175863993082413,-0.47363,-0.4736,17.59,-0.01221,-0.002199,2.866,0.035427,4.53e-06,SPHERE,2.182,0.1711,0.4927
345.0,90.0,0.01506,1.2796914198084186,-0.28803,-0.288,19.14,-0.01013,-0.001544,2.866,0.035427,4.53e-06,SPHERE,2.182,0.1711,0.4927
350.0,90.0,0.00658,1.3583809763161514,-0.13346,-0.1335,20.32,-0.00719,-0.0009608,2.866,0.035427,4.53e-06,SPHERE,2.182,0.1711,0.4927
355.0,90.0,0.00155,1.406450467504817,-0.032413,-0.03241,21.04,-0.003611,-0.0004495,2.866,0.035427,4.53e-06,SPHERE,2.182,0.1711,0.4927
360.0,90.0,2e-05,1.420490235445874,-8.5832e-06,-8.583e-06,21.25,0.0003301,1.128e-06,2.866,0.035427,4.53e-06,SPHERE,2.182,0.1711,0.4927
0.0,0.0,0.0002,2.1419107846707974,-0.00017159,-0.0001717,38.1,0.007653,0.0001469,3.4644,0.016299,-1.812e-05,SPHERE,2.3796,0.1613,0.4259
5.0,0.0,0.00144,2.100762352936314,-0.051113,-0.05111,37.37,-0.01704,-0.004049,3.4644,0.016299,-1.812e-05,SPHERE,2.3796,0.1613,0.4259
10.0,0.0,0.00437,2.0012640958734234,-0.15016,-0.1501,35.6,-0.0408,-0.008002,3.4644,0.016299,-1.812e-05,SPHERE,2.3796,0.1613,0.4259
15.0,0.0,0.00858,1.8513421458244241,-0.27582,-0.2758,32.93,-0.06222,-0.01137,3.4644,0.016299,-1.812e-05,SPHERE,2.3796,0.1613,0.4259
20.0,0.0,0.01375,1.662351671109488,-0.39868,-0.3986,29.57,-0.08003,-0.01386,3.4644,0.016299,-1.812e-05,SPHERE,2.3796,0.1613,0.4259
25.0,0.0,0.01935,1.448008815640109,-0.48976,-0.4897,25.76,-0.0932,-0.01527,3.4644,0.016299,-1.812e-05,SPHERE,2.3796,0.1613,0.4259
30.0,0.0,0.02458,1.2224794329642241,-0.52499,-0.5249,21.75,-0.101,-0.0155,3.4644,0.016299,-1.812e-05,SPHERE,2.3796,0.1613,0.4259
35.0,0.0,0.0282,0.9994234532887727,-0.49072,-0.4906,17.78,-0.1032,-0.01455,3.4644,0.016299,-1.812e-05,SPHERE,2.3796,0.1613,0.4259
40.0,0.0,0.02836,0.7903646860475924,-0.38614,-0.386,14.06,-0.09982,-0.01248,3.4644,0.016299,-1.812e-05,SPHERE,2.3796,0.1613,0.4259
45.0,0.0,0.02239,0.6040724691513106,-0.22277,-0.2226,10.74,-0.09128,-0.009485,3.4644,0.016299,-1.812e-05,SPHERE,2.3796,0.1613,0.4259
50.0,0.0,0.01025,0.44610071660999173,-0.02184,-0.02163,7.934,-0.07838,-0.005731,3.4644,0.016299,-1.812e-05,SPHERE,2.3796,0.1613,0.4259
55.0,0.0,0.03524,0.318922831424069,0.18978,0.19,5.672,-0.06215,-0.001477,3.4644,0.016299,-1.812e-05,SPHERE,2.3796,0.1613,0.4259
60.0,0.0,0.09812,0.22210596806846672,0.38497,0.3852,3.949,-0.04375,0.003057,3.4644,0.016299,-1.812e-05,SPHERE,2.3796,0.1613,0.4259
65.0,0.0,0.19903,0.15300808242908548,0.54096,0.5412,2.72,-0.02442,0.007624,3.4644,0.016299,-1.812e-05,SPHERE,2.3796,0.1613,0.4259
70.0,0.0,0.3363,0.10746936036883264,0.64269,0.6429,1.909,-0.005348,0.012,3.4644,0.016299,-1.812e-05,SPHERE,2.3796,0.1613,0.4259
75.0,0.0,0.47817,0.08052613177547482,0.68467,0.6849,1.43,0.01242,0.01597,3.4644,0.016299,-1.812e-05,SPHERE,2.3796,0.1613,0.4259
80.0,0.0,0.56276,0.0670798136458458,0.67076,0.671,1.191,0.02803,0.01938,3.4644,0.016299,-1.812e-05,SPHERE,2.3796,0.1613,0.4259
85.0,0.0,0.55328,0.06238034794502227,0.61244,0.6126,1.107,0.04084,0.02211,3.4644,0.016299,-1.812e-05,SPHERE,2.3796,0.1613,0.4259
90.0,0.0,0.47605,0.062402833426844405,0.5259,0.526,1.108,0.05048,0.02409,3.4644,0.016299,-1.812e-05,SPHERE,2.3796,0.1613,0.4259
95.0,0.0,0.37979,0.06403865222940379,0.42878,0.4289,1.137,0.05681,0.02529,3.4644,0.016299,-1.812e-05,SPHERE,2.3796,0.1613,0.4259
100.0,0.0,0.2955,0.06514044083868777,0.33706,0.3371,1.157,0.05992,0.02575,3.4644,0.016299,-1.812e-05,SPHERE,2.3796,0.1613,0.4259
105.0,0.0,0.23494,0.0644827404953907,0.26267,0.2627,1.145,0.06008,0.02555,3.4644,0.016299,-1.812e-05,SPHERE,2.3796,0.1613,0.4259
110.0,0.0,0.20068,0.06159897745170354,0.21219,0.2122,1.094,0.0577,0.02479,3.4644,0.016299,-1.812e-05,SPHERE,2.3796,0.1613,0.4259
115.0,0.0,0.19264,0.05663530733947008,0.18663,0.1866,1.006,0.0533,0.02359,3.4644,0.016299,-1.812e-05,SPHERE,2.3796,0.1613,0.4259
120.0,0.0,0.21117,0.05010889624059913,0.18219,0.1822,0.8898,0.04744,0.02208,3.4644,0.016299,-1.812e-05,SPHERE,2.3796,0.1613,0.4259
125.0,0.0,0.25764,0.04275839223294741,0.19174,0.1917,0.7592,0.04069,0.02036,3.4644,0.016299,-1.812e-05,SPHERE,2.3796,0.1613,0.4259
130.0,0.0,0.33279,0.03535729589119592,0.20665,0.2066,0.6278,0.03359,0.0185,3.4644,0.016299,-1.812e-05,SPHERE,2.3796,0.1613,0.4259
135.0,0.0,0.43289,0.02859197654796493,0.21861,0.2186,0.5076,0.0266,0.01658,3.4644,0.016299,-1.812e-05,SPHERE,2.3796,0.1613,0.4259
140.0,0.0,0.54324,0.02297229250357106,0.22112,0.2211,0.4078,0.02011,0.01464,3.4644,0.016299,-1.812e-05,SPHERE,2.3796,0.1613,0.4259
145.0,0.0,0.63135,0.01878549578829192,0.21051,0.2105,0.3335,0.01439,0.0127,3.4644,0.016299,-1.812e-05,SPHERE,2.3796,0.1613,0.4259
150.0,0.0,0.65182,0.01608948651781948,0.18631,0.1863,0.2857,0.009608,0.01078,3.4644,0.016299,-1.812e-05,SPHERE,2.3796,0.1613,0.4259
155.0,0.0,0.57666,0.014735860512127727,0.15104,0.1511,0.2618,0.005843,0.008896,3.4644,0.016299,-1.812e-05,SPHERE,2.3796,0.1613,0.4259
160.0,0.0,0.42709,0.014425560862982443,0.10952,0.1096,0.2564,0.003075,0.007054,3.4644,0.016299,-1.812e-05,SPHERE,2.3796,0.1613,0.4259
165.0,0.0,0.25867,0.01476958873486091,0.067915,0.06795,0.2626,0.00121,0.005255,3.4644,0.016299,-1.812e-05,SPHERE,2.3796,0.1613,0.4259
170.0,0.0,0.11906,0.015367140414283807,0.032514,0.03255,0.2733,9.862e-05,0.003491,3.4644,0.016299,-1.812e-05,SPHERE,2.3796,0.1613,0.4259
175.0,0.0,0.0309,0.01586912879596268,0.0086902,0.008712,0.2823,-0.0004557,0.001746,3.4644,0.016299,-1.812e-05,SPHERE,2.3796,0.1613,0.4259
180.0,0.0,0.00238,0.0160377699096286,-3.7669e-06,-3.803e-06,0.2853,-0.0006796,-2.735e-06,3.4644,0.016299,-1.812e-05,SPHERE,2.3796,0.1613,0.4259
185.0,0.0,0.02706,0.015781997553901958,0.0075821,0.007552,0.2807,-0.0008175,-0.001781,3.4644,0.016299,-1.812e-05,SPHERE,2.3796,0.1613,0.4259
190.0,0.0,0.11101,0.01516870603720358,0.03,0.02994,0.2698,-0.001118,-0.003609,3.4644,0.016299,-1.812e-05,SPHERE,2.3796,0.1613,0.4259
195.0,0.0,0.24711,0.01441206957388917,0.063431,0.06333,0.2562,-0.001822,-0.005495,3.4644,0.016299,-1.812e-05,SPHERE,2.3796,0.1613,0.4259
200.0,0.0,0.41516,0.013835316965151738,0.10227,0.1021,0.2459,-0.003144,-0.007432,3.4644,0.016299,-1.812e-05,SPHERE,2.3796,0.1613,0.4259
205.0,0.0,0.56949,0.01381564216855738,0.14003,0.1399,0.2454,-0.005258,-0.009391,3.4644,0.016299,-1.812e-05,SPHERE,2.3796,0.1613,0.4259
210.0,0.0,0.65117,0.014718996400761138,0.17049,0.1703,0.2614,-0.00828,-0.01133,3.4644,0.016299,-1.812e-05,SPHERE,2.3796,0.1613,0.4259
215.0,0.0,0.63134,0.01682757245863064,0.1888,0.1886,0.2988,-0.01224,-0.01318,3.4644,0.016299,-1.812e-05,SPHERE,2.3796,0.1613,0.4259
220.0,0.0,0.53525,0.02027853178128083,0.19254,0.1923,0.36,-0.0171,-0.01489,3.4644,0.016299,-1.812e-05,SPHERE,2.3796,0.1613,0.4259
225.0,0.0,0.41258,0.025012849978928643,0.18238,0.1822,0.4441,-0.02269,-0.01639,3.4644,0.016299,-1.812e-05,SPHERE,2.3796,0.1613,0.4259
230.0,0.0,0.30094,0.030755079899253076,0.16231,0.1621,0.5461,-0.02876,-0.01764,3.4644,0.016299,-1.812e-05,SPHERE,2.3796,0.1613,0.4259
235.0,0.0,0.21772,0.037024032231260724,0.13924,0.1391,0.6574,-0.03496,-0.01862,3.4644,0.016299,-1.812e-05,SPHERE,2.3796,0.1613,0.4259
240.0,0.0,0.16731,0.04317774646892999,0.12198,0.1218,0.7668,-0.04087,-0.0193,3.4644,0.016299,-1.812e-05,SPHERE,2.3796,0.1613,0.4259
245.0,0.0,0.1485,0.04850849207190959,0.1197,0.1196,0.8615,-0.04603,-0.0197,3.4644,0.016299,-1.812e-05,SPHERE,2.3796,0.1613,0.4259
250.0,0.0,0.15951,0.05237430853417793,0.14006,0.14,0.9301,-0.04993,-0.01982,3.4644,0.016299,-1.812e-05,SPHERE,2.3796,0.1613,0.4259
255.0,0.0,0.20091,0.054362587264299086,0.18723,0.1872,0.9654,-0.05211,-0.0197,3.4644,0.016299,-1.812e-05,SPHERE,2.3796,0.1613,0.4259
260.0,0.0,0.274,0.05448232245500188,0.26042,0.2604,0.9674,-0.05212,-0.01933,3.4644,0.016299,-1.812e-05,SPHERE,2.3796,0.1613,0.4259
265.0,0.0,0.37547,0.053361983323214644,0.35295,0.353,0.9474,-0.04961,-0.01873,3.4644,0.016299,-1.812e-05,SPHERE,2.3796,0.1613,0.4259
270.0,0.0,0.48756,0.05242602514236882,0.45252,0.4525,0.9307,-0.04433,-0.01787,3.4644,0.016299,-1.812e-05,SPHERE,2.3796,0.1613,0.4259
275.0,0.0,0.56586,0.05402923999628612,0.54261,0.5427,0.9592,-0.03617,-0.01673,3.4644,0.016299,-1.812e-05,SPHERE,2.3796,0.1613,0.4259
280.0,0.0,0.55358,0.061497792783503986,0.60504,0.6051,1.092,-0.02518,-0.01524,3.4644,0.016299,-1.812e-05,SPHERE,2.3796,0.1613,0.4259
285.0,0.0,0.44325,0.07906457545703689,0.62324,0.6233,1.405,-0.01162,-0.01338,3.4644,0.016299,-1.812e-05,SPHERE,2.3796,0.1613,0.4259
290.0,0.0,0.29511,0.11162917450592524,0.5859,0.586,1.984,0.004071,-0.01109,3.4644,0.016299,-1.812e-05,SPHERE,2.3796,0.1613,0.4259
295.0,0.0,0.16775,0.16436325074925714,0.48989,0.49,2.922,0.02124,-0.008376,3.4644,0.016299,-1.812e-05,SPHERE,2.3796,0.1613,0.4259
300.0,0.0,0.07993,0.24215177511288857,0.34198,0.3421,4.306,0.03904,-0.005284,3.4644,0.016299,-1.812e-05,SPHERE,2.3796,0.1613,0.4259
305.0,0.0,0.02717,0.34887349321113564,0.15874,0.1589,6.205,0.0565,-0.001894,3.4644,0.016299,-1.812e-05,SPHERE,2.3796,0.1613,0.4259
310.0,0.0,0.00934,0.48665328307618894,-0.035815,-0.03568,8.656,0.07255,0.001621,3.4644,0.016299,-1.812e-05,SPHERE,2.3796,0.1613,0.4259
315.0,0.0,0.0198,0.6551145128875279,-0.21416,-0.214,11.65,0.08608,0.005048,3.4644,0.016299,-1.812e-05,SPHERE,2.3796,0.1613,0.4259
320.0,0.0,0.02401,0.8508506321491008,-0.35062,-0.3505,15.14,0.09611,0.008125,3.4644,0.016299,-1.812e-05,SPHERE,2.3796,0.1613,0.4259
325.0,0.0,0.02312,1.0671047535733602,-0.42696,-0.4269,18.98,0.1018,0.01061,3.4644,0.016299,-1.812e-05,SPHERE,2.3796,0.1613,0.4259
330.0,0.0,0.01943,1.2939832651585723,-0.43541,-0.4353,23.02,0.1024,0.01224,3.4644,0.016299,-1.812e-05,SPHERE,2.3796,0.1613,0.4259
335.0,0.0,0.0146,1.5188380833797934,-0.38218,-0.3821,27.02,0.09781,0.01283,3.4644,0.016299,-1.812e-05,SPHERE,2.3796,0.1613,0.4259
340.0,0.0,0.00972,1.7276157820981974,-0.28541,-0.2854,30.73,0.08789,0.01226,3.4644,0.016299,-1.812e-05,SPHERE,2.3796,0.1613,0.4259
345.0,0.0,0.0055,1.9058694392430706,-0.17171,-0.1717,33.9,0.07306,0.01054,3.4644,0.016299,-1.812e-05,SPHERE,2.3796,0.1613,0.4259
350.0,0.0,0.00244,2.040557475357582,-0.070378,-0.07037,36.3,0.05403,0.007779,3.4644,0.016299,-1.812e-05,SPHERE,2.3796,0.1613,0.4259
355.0,0.0,0.00087,2.1213365688035557,-0.0075852,-0.007586,37.74,0.03181,0.004211,3.4644,0.016299,-1.812e-05,SPHERE,2.3796,0.1613,0.4259
360.0,0.0,0.0002,2.1419107846707974,-0.00015824,-0.0001584,38.1,0.007653,0.000147,3.4644,0.016299,-1.812e-05,SPHERE,2.3796,0.1613,0.4259
0.0,90.0,0.0002,2.1419107846707974,0.00017159,0.0001717,38.1,-0.007653,0.0001471,3.4644,0.016299,-1.812e-05,SPHERE,2.3796,0.1613,0.4259
5.0,90.0,0.00144,2.100762352936314,-0.051005,-0.051,37.37,0.01705,0.004337,3.4644,0.016299,-1.812e-05,SPHERE,2.3796,0.1613,0.4259
10.0,90.0,0.00437,2.0012640958734234,-0.15027,-0.1502,35.6,0.04082,0.008278,3.4644,0.016299,-1.812e-05,SPHERE,2.3796,0.1613,0.4259
15.0,90.0,0.00858,1.8513421458244241,-0.27568,-0.2756,32.93,0.06225,0.01162,3.4644,0.016299,-1.812e-05,SPHERE,2.3796,0.1613,0.4259
20.0,90.0,0.01375,1.662351671109488,-0.3986,-0.3985,29.57,0.08006,0.01408,3.4644,0.016299,-1.812e-05,SPHERE,2.3796,0.1613,0.4259
25.0,90.0,0.01935,1.448008815640109,-0.48971,-0.4896,25.76,0.09324,0.01547,3.4644,0.016299,-1.812e-05,SPHERE,2.3796,0.1613,0.4259
30.0,90.0,0.02457,1.2224794329642241,-0.52491,-0.5248,21.75,0.1011,0.01567,3.4644,0.016299,-1.812e-05,SPHERE,2.3796,0.1613,0.4259
35.0,90.0,0.0282,0.9994234532887727,-0.4907,-0.4906,17.78,0.1033,0.01468,3.4644,0.016299,-1.812e-05,SPHERE,2.3796,0.1613,0.4259
40.0,90.0,0.02835,0.7903646860475924,-0.38611,-0.3859,14.06,0.09987,0.0126,3.4644,0.016299,-1.812e-05,SPHERE,2.3796,0.1613,0.4259
45.0,90.0,0.02239,0.6040724691513106,-0.22273,-0.2225,10.74,0.09132,0.009573,3.4644,0.016299,-1.812e-05,SPHERE,2.3796,0.1613,0.4259
50.0,90.0,0.01025,0.44610633798044724,-0.021839,-0.02163,7.934,0.07842,0.005803,3.4644,0.016299,-1.812e-05,SPHERE,2.3796,0.1613,0.4259
55.0,90.0,0.03523,0.31892845279452453,0.18971,0.1899,5.672,0.06217,0.001523,3.4644,0.016299,-1.812e-05,SPHERE,2.3796,0.1613,0.4259
60.0,90.0,0.09811,0.22210596806846672,0.38495,0.3852,3.949,0.04376,-0.003026,3.4644,0.016299,-1.812e-05,SPHERE,2.3796,0.1613,0.4259
65.0,90.0,0.19902,0.15300808242908548,0.54094,0.5412,2.72,0.02442,-0.007605,3.4644,0.016299,-1.812e-05,SPHERE,2.3796,0.1613,0.4259
70.0,90.0,0.3363,0.10746936036883264,0.64267,0.6429,1.909,0.00533,-0.01199,3.4644,0.016299,-1.812e-05,SPHERE,2.3796,0.1613,0.4259
75.0,90.0,0.47817,0.08052613177547482,0.68466,0.6849,1.43,-0.01245,-0.01597,3.4644,0.016299,-1.812e-05,SPHERE,2.3796,0.1613,0.4259
80.0,90.0,0.56277,0.0670798136458458,0.67076,0.671,1.191,-0.02806,-0.01939,3.4644,0.016299,-1.812e-05,SPHERE,2.3796,0.1613,0.4259
85.0,90.0,0.55331,0.06238034794502227,0.61245,0.6126,1.107,-0.04088,-0.02212,3.4644,0.016299,-1.812e-05,SPHERE,2.3796,0.1613,0.4259
90.0,90.0,0.47609,0.06239721205638887,0.52592,0.5261,1.108,-0.05052,-0.02409,3.4644,0.016299,-1.812e-05,SPHERE,2.3796,0.1613,0.4259
95.0,90.0,0.37982,0.06403303085894825,0.4288,0.4289,1.137,-0.05686,-0.02529,3.4644,0.016299,-1.812e-05,SPHERE,2.3796,0.1613,0.4259
100.0,90.0,0.29553,0.06513481946823224,0.33708,0.3372,1.157,-0.05997,-0.02576,3.4644,0.016299,-1.812e-05,SPHERE,2.3796,0.1613,0.4259
105.0,90.0,0.23497,0.06447711912493516,0.26268,0.2627,1.145,-0.06012,-0.02555,3.4644,0.016299,-1.812e-05,SPHERE,2.3796,0.1613,0.4259
110.0,90.0,0.2007,0.06159897745170354,0.2122,0.2122,1.094,-0.05774,-0.0248,3.4644,0.016299,-1.812e-05,SPHERE,2.3796,0.1613,0.4259
115.0,90.0,0.19266,0.05663530733947008,0.18664,0.1866,1.006,-0.05334,-0.0236,3.4644,0.016299,-1.812e-05,SPHERE,2.3796,0.1613,0.4259
120.0,90.0,0.21119,0.05010777196650802,0.1822,0.1822,0.8898,-0.04747,-0.02209,3.4644,0.016299,-1.812e-05,SPHERE,2.3796,0.1613,0.4259
125.0,90.0,0.25765,0.04275726795885631,0.19174,0.1917,0.7592,-0.04072,-0.02036,3.4644,0.016299,-1.812e-05,SPHERE,2.3796,0.1613,0.4259
130.0,90.0,0.3328,0.03535673375415037,0.20665,0.2066,0.6278,-0.03361,-0.01851,3.4644,0.016299,-1.812e-05,SPHERE,2.3796,0.1613,0.4259
135.0,90.0,0.43289,0.028591414410919374,0.2186,0.2186,0.5076,-0.02662,-0.01659,3.4644,0.016299,-1.812e-05,SPHERE,2.3796,0.1613,0.4259
140.0,90.0,0.54324,0.02297229250357106,0.22112,0.2211,0.4078,-0.02012,-0.01464,3.4644,0.016299,-1.812e-05,SPHERE,2.3796,0.1613,0.4259
145.0,90.0,0.63135,0.01878549578829192,0.21051,0.2105,0.3335,-0.0144,-0.0127,3.4644,0.016299,-1.812e-05,SPHERE,2.3796,0.1613,0.4259
150.0,90.0,0.6518,0.01608948651781948,0.18631,0.1863,0.2857,-0.009614,-0.01078,3.4644,0.016299,-1.812e-05,SPHERE,2.3796,0.1613,0.4259
155.0,90.0,0.57665,0.014735860512127727,0.15103,0.1511,0.2618,-0.005846,-0.0089,3.4644,0.016299,-1.812e-05,SPHERE,2.3796,0.1613,0.4259
160.0,90.0,0.42709,0.014425560862982443,0.10953,0.1096,0.2564,-0.003076,-0.007059,3.4644,0.016299,-1.812e-05,SPHERE,2.3796,0.1613,0.4259
165.0,90.0,0.25867,0.014770150871906463,0.067917,0.06795,0.2626,-0.001211,-0.00526,3.4644,0.016299,-1.812e-05,SPHERE,2.3796,0.1613,0.4259
170.0,90.0,0.11908,0.015367140414283807,0.032518,0.03255,0.2733,-9.862e-05,-0.003496,3.4644,0.016299,-1.812e-05,SPHERE,2.3796,0.1613,0.4259
175.0,90.0,0.03093,0.01586912879596268,0.0086979,0.00872,0.2823,0.0004559,-0.001752,3.4644,0.016299,-1.812e-05,SPHERE,2.3796,0.1613,0.4259
180.0,90.0,0.00238,0.0160377699096286,3.6775e-06,3.713e-06,0.2853,0.0006796,-2.733e-06,3.4644,0.016299,-1.812e-05,SPHERE,2.3796,0.1613,0.4259
185.0,90.0,0.02708,0.015781997553901958,0.0075881,0.007558,0.2807,0.0008168,0.001775,3.4644,0.016299,-1.812e-05,SPHERE,2.3796,0.1613,0.4259
190.0,90.0,0.11105,0.01516870603720358,0.030009,0.02994,0.2698,0.001117,0.003604,3.4644,0.016299,-1.812e-05,SPHERE,2.3796,0.1613,0.4259
195.0,90.0,0.24714,0.01441206957388917,0.063438,0.06334,0.2562,0.00182,0.005491,3.4644,0.016299,-1.812e-05,SPHERE,2.3796,0.1613,0.4259
200.0,90.0,0.41518,0.013835316965151738,0.10227,0.1021,0.2459,0.003141,0.007428,3.4644,0.016299,-1.812e-05,SPHERE,2.3796,0.1613,0.4259
205.0,90.0,0.5695,0.013816204305602934,0.14004,0.1399,0.2454,0.005255,0.009387,3.4644,0.016299,-1.812e-05,SPHERE,2.3796,0.1613,0.4259
210.0,90.0,0.65116,0.01471955853780669,0.1705,0.1703,0.2614,0.008275,0.01132,3.4644,0.016299,-1.812e-05,SPHERE,2.3796,0.1613,0.4259
215.0,90.0,0.63133,0.01682813459567619,0.18881,0.1886,0.2988,0.01224,0.01318,3.4644,0.016299,-1.812e-05,SPHERE,2.3796,0.1613,0.4259
220.0,90.0,0.53525,0.02027909391832638,0.19254,0.1923,0.36,0.01709,0.01489,3.4644,0.016299,-1.812e-05,SPHERE,2.3796,0.1613,0.4259
225.0,90.0,0.41258,0.02501341211597419,0.18238,0.1822,0.4441,0.02268,0.01639,3.4644,0.016299,-1.812e-05,SPHERE,2.3796,0.1613,0.4259
230.0,90.0,0.30095,0.03075564203629863,0.16232,0.1621,0.5461,0.02875,0.01765,3.4644,0.016299,-1.812e-05,SPHERE,2.3796,0.1613,0.4259
235.0,90.0,0.21773,0.037024032231260724,0.13925,0.1391,0.6574,0.03495,0.01862,3.4644,0.016299,-1.812e-05,SPHERE,2.3796,0.1613,0.4259
240.0,90.0,0.16732,0.04317774646892999,0.12199,0.1218,0.7668,0.04087,0.0193,3.4644,0.016299,-1.812e-05,SPHERE,2.3796,0.1613,0.4259
245.0,90.0,0.14852,0.04850849207190959,0.11972,0.1196,0.8615,0.04602,0.0197,3.4644,0.016299,-1.812e-05,SPHERE,2.3796,0.1613,0.4259
250.0,90.0,0.15953,0.05237430853417793,0.14007,0.14,0.9301,0.04993,0.01982,3.4644,0.016299,-1.812e-05,SPHERE,2.3796,0.1613,0.4259
255.0,90.0,0.20094,0.054362025127253535,0.18726,0.1872,0.9653,0.0521,0.01969,3.4644,0.016299,-1.812e-05,SPHERE,2.3796,0.1613,0.4259
260.0,90.0,0.27403,0.05448176031795633,0.26045,0.2604,0.9674,0.05212,0.01933,3.4644,0.016299,-1.812e-05,SPHERE,2.3796,0.1613,0.4259
265.0,90.0,0.3755,0.0533614211861691,0.35297,0.353,0.9474,0.0496,0.01872,3.4644,0.016299,-1.812e-05,SPHERE,2.3796,0.1613,0.4259
270.0,90.0,0.48759,0.05242602514236882,0.45255,0.4526,0.9307,0.04432,0.01786,3.4644,0.016299,-1.812e-05,SPHERE,2.3796,0.1613,0.4259
275.0,90.0,0.56588,0.05402867785924057,0.54263,0.5427,0.9592,0.03616,0.01671,3.4644,0.016299,-1.812e-05,SPHERE,2.3796,0.1613,0.4259
280.0,90.0,0.55358,0.061497792783503986,0.60505,0.6051,1.092,0.02518,0.01523,3.4644,0.016299,-1.812e-05,SPHERE,2.3796,0.1613,0.4259
285.0,90.0,0.44325,0.07906457545703689,0.62324,0.6233,1.405,0.01162,0.01337,3.4644,0.016299,-1.812e-05,SPHERE,2.3796,0.1613,0.4259
290.0,90.0,0.2951,0.11162917450592524,0.5859,0.586,1.984,-0.00407,0.01109,3.4644,0.016299,-1.812e-05,SPHERE,2.3796,0.1613,0.4259
295.0,90.0,0.16774,0.16436887211971266,0.48989,0.49,2.922,-0.02123,0.00839,3.4644,0.016299,-1.812e-05,SPHERE,2.3796,0.1613,0.4259
300.0,90.0,0.07993,0.24215739648334414,0.34197,0.3421,4.306,-0.03904,0.00531,3.4644,0.016299,-1.812e-05,SPHERE,2.3796,0.1613,0.4259
305.0,90.0,0.02717,0.3488791145815912,0.15872,0.1589,6.205,-0.0565,0.001947,3.4644,0.016299,-1.812e-05,SPHERE,2.3796,0.1613,0.4259
310.0,90.0,0.00934,0.48665890444664445,-0.035826,-0.03569,8.656,-0.07255,-0.001542,3.4644,0.016299,-1.812e-05,SPHERE,2.3796,0.1613,0.4259
315.0,90.0,0.01979,0.6551145128875279,-0.21415,-0.214,11.65,-0.08609,-0.004942,3.4644,0.016299,-1.812e-05,SPHERE,2.3796,0.1613,0.4259
320.0,90.0,0.02401,0.8508506321491008,-0.35065,-0.3505,15.14,-0.09612,-0.008001,3.4644,0.016299,-1.812e-05,SPHERE,2.3796,0.1613,0.4259
325.0,90.0,0.02311,1.0671047535733602,-0.42684,-0.4267,18.98,-0.1018,-0.01045,3.4644,0.016299,-1.812e-05,SPHERE,2.3796,0.1613,0.4259
330.0,90.0,0.01943,1.2939832651585723,-0.43539,-0.4353,23.02,-0.1025,-0.01205,3.4644,0.016299,-1.812e-05,SPHERE,2.3796,0.1613,0.4259
335.0,90.0,0.0146,1.5188380833797934,-0.38211,-0.3821,27.02,-0.09782,-0.0126,3.4644,0.016299,-1.812e-05,SPHERE,2.3796,0.1613,0.4259
340.0,90.0,0.00971,1.7276157820981974,-0.28536,-0.2853,30.73,-0.08791,-0.012,3.4644,0.016299,-1.812e-05,SPHERE,2.3796,0.1613,0.4259
345.0,90.0,0.00549,1.9058694392430706,-0.17132,-0.1713,33.9,-0.07308,-0.01026,3.4644,0.016299,-1.812e-05,SPHERE,2.3796,0.1613,0.4259
350.0,90.0,0.00244,2.040557475357582,-0.070125,-0.07012,36.3,-0.05404,-0.007489,3.4644,0.016299,-1.812e-05,SPHERE,2.3796,0.1613,0.4259
355.0,90.0,0.00087,2.1213365688035557,-0.0073811,-0.007382,37.74,-0.03182,-0.003916,3.4644,0.016299,-1.812e-05,SPHERE,2.3796,0.1613,0.4259
360.0,90.0,0.0002,2.1419107846707974,0.00016396,0.0001641,38.1,-0.007653,0.0001469,3.4644,0.016299,-1.812e-05,SPHERE,2.3796,0.1613,0.4259
0.0,0.0,0.0,1.1323080239193772,,,,,,2.4609308848548777,0.5998917399070028,,SPHERE,2.182,0.1711,0.4927
5.0,0.0,0.0,1.1195689755762048,,,,,,2.4609308848548777,0.5998917399070028,,SPHERE,2.182,0.1711,0.4927
10.0,0.0,0.0,1.0822318249799274,,,,,,2.4609308848548777,0.5998917399070028,,SPHERE,2.182,0.1711,0.4927
15.0,0.0,0.0,1.0228374797643962,,,,,,2.4609308848548777,0.5998917399070028,,SPHERE,2.182,0.1711,0.4927
20.0,0.0,0.0,0.945305741335053,,,,,,2.4609308848548777,0.5998917399070028,,SPHERE,2.182,0.1711,0.4927
25.0,0.0,0.0,0.8545130202380948,,,,,,2.4609308848548777,0.5998917399070028,,SPHERE,2.182,0.1711,0.4927
30.0,0.0,0.0,0.7557917933952953,,,,,,2.4609308848548777,0.5998917399070028,,SPHERE,2.182,0.1711,0.4927
35.0,0.0,0.0,0.6544216772839162,,,,,,2.4609308848548777,0.5998917399070028,,SPHERE,2.182,0.1711,0.4927
40.0,0.0,0.0,0.5551776355870596,,,,,,2.4609308848548777,0.5998917399070028,,SPHERE,2.182,0.1711,0.4927
45.0,0.0,0.0,0.4619860663056464,,,,,,2.4609308848548777,0.5998917399070028,,SPHERE,2.182,0.1711,0.4927
50.0,0.0,0.0,0.37771807141565295,,,,,,2.4609308848548777,0.5998917399070028,,SPHERE,2.182,0.1711,0.4927
55.0,0.0,0.0,0.3041257657251525,,,,,,2.4609308848548777,0.5998917399070028,,SPHERE,2.182,0.1711,0.4927
60.0,0.0,0.0,0.24190647974770885,,,,,,2.4609308848548777,0.5998917399070028,,SPHERE,2.182,0.1711,0.4927
65.0,0.0,0.0,0.19086446320052097,,,,,,2.4609308848548777,0.5998917399070028,,SPHERE,2.182,0.1711,0.4927
70.0,0.0,0.0,0.1501318523855355,,,,,,2.4609308848548777,0.5998917399070028,,SPHERE,2.182,0.1711,0.4927
75.0,0.0,0.0,0.11841017091283762,,,,,,2.4609308848548777,0.5998917399070028,,SPHERE,2.182,0.1711,0.4927
80.0,0.0,0.0,0.09419907295014415,,,,,,2.4609308848548777,0.5998917399070028,,SPHERE,2.182,0.1711,0.4927
85.0,0.0,0.0,0.0759882114605152,,,,,,2.4609308848548777,0.5998917399070028,,SPHERE,2.182,0.1711,0.4927
90.0,0.0,0.0,0.06239865603692617,,,,,,2.4609308848548777,0.5998917399070028,,SPHERE,2.182,0.1711,0.4927
95.0,0.0,0.0,0.05227017227707435,,,,,,2.4609308848548777,0.5998917399070028,,SPHERE,2.182,0.1711,0.4927
100.0,0.0,0.0,0.04469852780607064,,,,,,2.4609308848548777,0.5998917399070028,,SPHERE,2.182,0.1711,0.4927
105.0,0.0,0.0,0.03903215959393566,,,,,,2.4609308848548777,0.5998917399070028,,SPHERE,2.182,0.1711,0.4927
110.0,0.0,0.0,0.03484001363686444,,,,,,2.4609308848548777,0.5998917399070028,,SPHERE,2.182,0.1711,0.4927
115.0,0.0,0.0,0.031862588589922754,,,,,,2.4609308848548777,0.5998917399070028,,SPHERE,2.182,0.1711,0.4927
120.0,0.0,0.0,0.029956841554244378,,,,,,2.4609308848548777,0.5998917399070028,,SPHERE,2.182,0.1711,0.4927
125.0,0.0,0.0,0.02904334060813986,,,,,,2.4609308848548777,0.5998917399070028,,SPHERE,2.182,0.1711,0.4927
130.0,0.0,0.0,0.02906146751125562,,,,,,2.4609308848548777,0.5998917399070028,,SPHERE,2.182,0.1711,0.4927
135.0,0.0,0.0,0.029936011632062613,,,,,,2.4609308848548777,0.5998917399070028,,SPHERE,2.182,0.1711,0.4927
140.0,0.0,0.0,0.0315564036331124,,,,,,2.4609308848548777,0.5998917399070028,,SPHERE,2.182,0.1711,0.4927
145.0,0.0,0.0,0.03376821871900681,,,,,,2.4609308848548777,0.5998917399070028,,SPHERE,2.182,0.1711,0.4927
150.0,0.0,0.0,0.036375435837018175,,,,,,2.4609308848548777,0.5998917399070028,,SPHERE,2.182,0.1711,0.4927
155.0,0.0,0.0,0.03915121562013055,,,,,,2.4609308848548777,0.5998917399070028,,SPHERE,2.182,0.1711,0.4927
160.0,0.0,0.0,0.041854579732232194,,,,,,2.4609308848548777,0.5998917399070028,,SPHERE,2.182,0.1711,0.4927
165.0,0.0,0.0,0.044250263643339255,,,,,,2.4609308848548777,0.5998917399070028,,SPHERE,2.182,0.1711,0.4927
170.0,0.0,0.0,0.04612911303488114,,,,,,2.4609308848548777,0.5998917399070028,,SPHERE,2.182,0.1711,0.4927
175.0,0.0,0.0,0.04732665531581672,,,,,,2.4609308848548777,0.5998917399070028,,SPHERE,2.182,0.1711,0.4927
180.0,0.0,0.0,0.04773786785608675,,,,,,2.4609308848548777,0.5998917399070028,,SPHERE,2.182,0.1711,0.4927
185.0,0.0,0.0,0.04732665531581672,,,,,,2.4609308848548777,0.5998917399070028,,SPHERE,2.182,0.1711,0.4927
190.0,0.0,0.0,0.04612911303488114,,,,,,2.4609308848548777,0.5998917399070028,,SPHERE,2.182,0.1711,0.4927
195.0,0.0,0.0,0.044250263643339255,,,,,,2.4609308848548777,0.5998917399070028,,SPHERE,2.182,0.1711,0.4927
200.0,0.0,0.0,0.041854579732232194,,,,,,2.4609308848548777,0.5998917399070028,,SPHERE,2.182,0.1711,0.4927
205.0,0.0,0.0,0.03915121562013057,,,,,,2.4609308848548777,0.5998917399070028,,SPHERE,2.182,0.1711,0.4927
210.0,0.0,0.0,0.036375435837018175,,,,,,2.4609308848548777,0.5998917399070028,,SPHERE,2.182,0.1711,0.4927
215.0,0.0,0.0,0.0337682187190068,,,,,,2.4609308848548777,0.5998917399070028,,SPHERE,2.182,0.1711,0.4927
220.0,0.0,0.0,0.03155640363311239,,,,,,2.4609308848548777,0.5998917399070028,,SPHERE,2.182,0.1711,0.4927
225.0,0.0,0.0,0.02993601163206261,,,,,,2.4609308848548777,0.5998917399070028,,SPHERE,2.182,0.1711,0.4927
230.0,0.0,0.0,0.029061467511255618,,,,,,2.4609308848548777,0.5998917399070028,,SPHERE,2.182,0.1711,0.4927
235.0,0.0,0.0,0.02904334060813986,,,,,,2.4609308848548777,0.5998917399070028,,SPHERE,2.182,0.1711,0.4927
240.0,0.0,0.0,0.029956841554244367,,,,,,2.4609308848548777,0.5998917399070028,,SPHERE,2.182,0.1711,0.4927
245.0,0.0,0.0,0.031862588589922754,,,,,,2.4609308848548777,0.5998917399070028,,SPHERE,2.182,0.1711,0.4927
250.0,0.0,0.0,0.03484001363686444,,,,,,2.4609308848548777,0.5998917399070028,,SPHERE,2.182,0.1711,0.4927
255.0,0.0,0.0,0.0390321595939357,,,,,,2.4609308848548777,0.5998917399070028,,SPHERE,2.182,0.1711,0.4927
260.0,0.0,0.0,0.04469852780607064,,,,,,2.4609308848548777,0.5998917399070028,,SPHERE,2.182,0.1711,0.4927
265.0,0.0,0.0,0.05227017227707435,,,,,,2.4609308848548777,0.5998917399070028,,SPHERE,2.182,0.1711,0.4927
270.0,0.0,0.0,0.06239865603692614,,,,,,2.4609308848548777,0.5998917399070028,,SPHERE,2.182,0.1711,0.4927
275.0,0.0,0.0,0.07598821146051515,,,,,,2.4609308848548777,0.5998917399070028,,SPHERE,2.182,0.1711,0.4927
280.0,0.0,0.0,0.09419907295014406,,,,,,2.4609308848548777,0.5998917399070028,,SPHERE,2.182,0.1711,0.4927
285.0,0.0,0.0,0.11841017091283748,,,,,,2.4609308848548777,0.5998917399070028,,SPHERE,2.182,0.1711,0.4927
290.0,0.0,0.0,0.1501318523855355,,,,,,2.4609308848548777,0.5998917399070028,,SPHERE,2.182,0.1711,0.4927
295.0,0.0,0.0,0.19086446320052106,,,,,,2.4609308848548777,0.5998917399070028,,SPHERE,2.182,0.1711,0.4927
300.0,0.0,0.0,0.24190647974770885,,,,,,2.4609308848548777,0.5998917399070028,,SPHERE,2.182,0.1711,0.4927
305.0,0.0,0.0,0.3041257657251525,,,,,,2.4609308848548777,0.5998917399070028,,SPHERE,2.182,0.1711,0.4927
310.0,0.0,0.0,0.3777180714156526,,,,,,2.4609308848548777,0.5998917399070028,,SPHERE,2.182,0.1711,0.4927
315.0,0.0,0.0,0.4619860663056461,,,,,,2.4609308848548777,0.5998917399070028,,SPHERE,2.182,0.1711,0.4927
320.0,0.0,0.0,0.5551776355870593,,,,,,2.4609308848548777,0.5998917399070028,,SPHERE,2.182,0.1711,0.4927
325.0,0.0,0.0,0.6544216772839155,,,,,,2.4609308848548777,0.5998917399070028,,SPHERE,2.182,0.1711,0.4927
330.0,0.0,0.0,0.7557917933952947,,,,,,2.4609308848548777,0.5998917399070028,,SPHERE,2.182,0.1711,0.4927
335.0,0.0,0.0,0.8545130202380953,,,,,,2.4609308848548777,0.5998917399070028,,SPHERE,2.182,0.1711,0.4927
340.0,0.0,0.0,0.945305741335053,,,,,,2.4609308848548777,0.5998917399070028,,SPHERE,2.182,0.1711,0.4927
345.0,0.0,0.0,1.0228374797643962,,,,,,2.4609308848548777,0.5998917399070028,,SPHERE,2.182,0.1711,0.4927
350.0,0.0,0.0,1.0822318249799274,,,,,,2.4609308848548777,0.5998917399070028,,SPHERE,2.182,0.1711,0.4927
355.0,0.0,0.0,1.1195689755762048,,,,,,2.4609308848548777,0.5998917399070028,,SPHERE,2.182,0.1711,0.4927
0.0,0.0,0.0,1.6021506117504638,,,,,,2.8029872397133455,0.5510206278759533,,SPHERE,2.3796,0.1613,0.4259
5.0,0.0,0.0,1.580301210682086,,,,,,2.8029872397133455,0.5510206278759533,,SPHERE,2.3796,0.1613,0.4259
10.0,0.0,0.0,1.5164602109021743,,,,,,2.8029872397133455,0.5510206278759533,,SPHERE,2.3796,0.1613,0.4259
15.0,0.0,0.0,1.4155398795106913,,,,,,2.8029872397133455,0.5510206278759533,,SPHERE,2.3796,0.1613,0.4259
20.0,0.0,0.0,1.2850640889003078,,,,,,2.8029872397133455,0.5510206278759533,,SPHERE,2.3796,0.1613,0.4259
25.0,0.0,0.0,1.134287254564444,,,,,,2.8029872397133455,0.5510206278759533,,SPHERE,2.3796,0.1613,0.4259
30.0,0.0,0.0,0.9731643355956741,,,,,,2.8029872397133455,0.5510206278759533,,SPHERE,2.3796,0.1613,0.4259
35.0,0.0,0.0,0.8113252710031265,,,,,,2.8029872397133455,0.5510206278759533,,SPHERE,2.3796,0.1613,0.4259
40.0,0.0,0.0,0.6571933959128469,,,,,,2.8029872397133455,0.5510206278759533,,SPHERE,2.3796,0.1613,0.4259
45.0,0.0,0.0,0.5173503081022441,,,,,,2.8029872397133455,0.5510206278759533,,SPHERE,2.3796,0.1613,0.4259
50.0,0.0,0.0,0.39619914491558095,,,,,,2.8029872397133455,0.5510206278759533,,SPHERE,2.3796,0.1613,0.4259
55.0,0.0,0.0,0.295925766841262,,,,,,2.8029872397133455,0.5510206278759533,,SPHERE,2.3796,0.1613,0.4259
60.0,0.0,0.0,0.2167131742189078,,,,,,2.8029872397133455,0.5510206278759533,,SPHERE,2.3796,0.1613,0.4259
65.0,0.0,0.0,0.15713544901205984,,,,,,2.8029872397133455,0.5510206278759533,,SPHERE,2.3796,0.1613,0.4259
70.0,0.0,0.0,0.1146460940710726,,,,,,2.8029872397133455,0.5510206278759533,,SPHERE,2.3796,0.1613,0.4259
75.0,0.0,0.0,0.08608025352494937,,,,,,2.8029872397133455,0.5510206278759533,,SPHERE,2.3796,0.1613,0.4259
80.0,0.0,0.0,0.06810651437358547,,,,,,2.8029872397133455,0.5510206278759533,,SPHERE,2.3796,0.1613,0.4259
85.0,0.0,0.0,0.057586171482442286,,,,,,2.8029872397133455,0.5510206278759533,,SPHERE,2.3796,0.1613,0.4259
90.0,0.0,0.0,0.05182064913498583,,,,,,2.8029872397133455,0.5510206278759533,,SPHERE,2.3796,0.1613,0.4259
95.0,0.0,0.0,0.048687226157036155,,,,,,2.8029872397133455,0.5510206278759533,,SPHERE,2.3796,0.1613,0.4259
100.0,0.0,0.0,0.04667711701838882,,,,,,2.8029872397133455,0.5510206278759533,,SPHERE,2.3796,0.1613,0.4259
105.0,0.0,0.0,0.04485782423461239,,,,,,2.8029872397133455,0.5510206278759533,,SPHERE,2.3796,0.1613,0.4259
110.0,0.0,0.0,0.04278425155018829,,,,,,2.8029872397133455,0.5510206278759533,,SPHERE,2.3796,0.1613,0.4259
115.0,0.0,0.0,0.04038177414925348,,,,,,2.8029872397133455,0.5510206278759533,,SPHERE,2.3796,0.1613,0.4259
120.0,0.0,0.0,0.037820863661049725,,,,,,2.8029872397133455,0.5510206278759533,,SPHERE,2.3796,0.1613,0.4259
125.0,0.0,0.0,0.03539829906812696,,,,,,2.8029872397133455,0.5510206278759533,,SPHERE,2.3796,0.1613,0.4259
130.0,0.0,0.0,0.033435395936878325,,,,,,2.8029872397133455,0.5510206278759533,,SPHERE,2.3796,0.1613,0.4259
135.0,0.0,0.0,0.0321995757142246,,,,,,2.8029872397133455,0.5510206278759533,,SPHERE,2.3796,0.1613,0.4259
140.0,0.0,0.0,0.03185216487270606,,,,,,2.8029872397133455,0.5510206278759533,,SPHERE,2.3796,0.1613,0.4259
145.0,0.0,0.0,0.03242254884131322,,,,,,2.8029872397133455,0.5510206278759533,,SPHERE,2.3796,0.1613,0.4259
150.0,0.0,0.0,0.033806613627532976,,,,,,2.8029872397133455,0.5510206278759533,,SPHERE,2.3796,0.1613,0.4259
155.0,0.0,0.0,0.035785696819624034,,,,,,2.8029872397133455,0.5510206278759533,,SPHERE,2.3796,0.1613,0.4259
160.0,0.0,0.0,0.038060992089601724,,,,,,2.8029872397133455,0.5510206278759533,,SPHERE,2.3796,0.1613,0.4259
165.0,0.0,0.0,0.04029751073075353,,,,,,2.8029872397133455,0.5510206278759533,,SPHERE,2.3796,0.1613,0.4259
170.0,0.0,0.0,0.0421713352906082,,,,,,2.8029872397133455,0.5510206278759533,,SPHERE,2.3796,0.1613,0.4259
175.0,0.0,0.0,0.04341404161114068,,,,,,2.8029872397133455,0.5510206278759533,,SPHERE,2.3796,0.1613,0.4259
180.0,0.0,0.0,0.043848828204139365,,,,,,2.8029872397133455,0.5510206278759533,,SPHERE,2.3796,0.1613,0.4259
185.0,0.0,0.0,0.04341404161114068,,,,,,2.8029872397133455,0.5510206278759533,,SPHERE,2.3796,0.1613,0.4259
190.0,0.0,0.0,0.0421713352906082,,,,,,2.8029872397133455,0.5510206278759533,,SPHERE,2.3796,0.1613,0.4259
195.0,0.0,0.0,0.040297510730753536,,,,,,2.8029872397133455,0.5510206278759533,,SPHERE,2.3796,0.1613,0.4259
200.0,0.0,0.0,0.03806099208960173,,,,,,2.8029872397133455,0.5510206278759533,,SPHERE,2.3796,0.1613,0.4259
205.0,0.0,0.0,0.035785696819624055,,,,,,2.8029872397133455,0.5510206278759533,,SPHERE,2.3796,0.1613,0.4259
210.0,0.0,0.0,0.033806613627532955,,,,,,2.8029872397133455,0.5510206278759533,,SPHERE,2.3796,0.1613,0.4259
215.0,0.0,0.0,0.03242254884131322,,,,,,2.8029872397133455,0.5510206278759533,,SPHERE,2.3796,0.1613,0.4259
220.0,0.0,0.0,0.03185216487270606,,,,,,2.8029872397133455,0.5510206278759533,,SPHERE,2.3796,0.1613,0.4259
225.0,0.0,0.0,0.03219957571422459,,,,,,2.8029872397133455,0.5510206278759533,,SPHERE,2.3796,0.1613,0.4259
230.0,0.0,0.0,0.03343539593687832,,,,,,2.8029872397133455,0.5510206278759533,,SPHERE,2.3796,0.1613,0.4259
235.0,0.0,0.0,0.03539829906812694,,,,,,2.8029872397133455,0.5510206278759533,,SPHERE,2.3796,0.1613,0.4259
240.0,0.0,0.0,0.037820863661049704,,,,,,2.8029872397133455,0.5510206278759533,,SPHERE,2.3796,0.1613,0.4259
245.0,0.0,0.0,0.04038177414925348,,,,,,2.8029872397133455,0.5510206278759533,,SPHERE,2.3796,0.1613,0.4259
250.0,0.0,0.0,0.04278425155018829,,,,,,2.8029872397133455,0.5510206278759533,,SPHERE,2.3796,0.1613,0.4259
255.0,0.0,0.0,0.04485782423461239,,,,,,2.8029872397133455,0.5510206278759533,,SPHERE,2.3796,0.1613,0.4259
260.0,0.0,0.0,0.04667711701838884,,,,,,2.8029872397133455,0.5510206278759533,,SPHERE,2.3796,0.1613,0.4259
265.0,0.0,0.0,0.048687226157036155,,,,,,2.8029872397133455,0.5510206278759533,,SPHERE,2.3796,0.1613,0.4259
270.0,0.0,0.0,0.05182064913498582,,,,,,2.8029872397133455,0.5510206278759533,,SPHERE,2.3796,0.1613,0.4259
275.0,0.0,0.0,0.05758617148244227,,,,,,2.8029872397133455,0.5510206278759533,,SPHERE,2.3796,0.1613,0.4259
280.0,0.0,0.0,0.06810651437358539,,,,,,2.8029872397133455,0.5510206278759533,,SPHERE,2.3796,0.1613,0.4259
285.0,0.0,0.0,0.08608025352494926,,,,,,2.8029872397133455,0.5510206278759533,,SPHERE,2.3796,0.1613,0.4259
290.0,0.0,0.0,0.11464609407107271,,,,,,2.8029872397133455,0.5510206278759533,,SPHERE,2.3796,0.1613,0.4259
295.0,0.0,0.0,0.15713544901206,,,,,,2.8029872397133455,0.5510206278759533,,SPHERE,2.3796,0.1613,0.4259
300.0,0.0,0.0,0.2167131742189078,,,,,,2.8029872397133455,0.5510206278759533,,SPHERE,2.3796,0.1613,0.4259
305.0,0.0,0.0,0.295925766841262,,,,,,2.8029872397133455,0.5510206278759533,,SPHERE,2.3796,0.1613,0.4259
310.0,0.0,0.0,0.39619914491558084,,,,,,2.8029872397133455,0.5510206278759533,,SPHERE,2.3796,0.1613,0.4259
315.0,0.0,0.0,0.5173503081022436,,,,,,2.8029872397133455,0.5510206278759533,,SPHERE,2.3796,0.1613,0.4259
320.0,0.0,0.0,0.6571933959128464,,,,,,2.8029872397133455,0.5510206278759533,,SPHERE,2.3796,0.1613,0.4259
325.0,0.0,0.0,0.8113252710031258,,,,,,2.8029872397133455,0.5510206278759533,,SPHERE,2.3796,0.1613,0.4259
330.0,0.0,0.0,0.9731643355956732,,,,,,2.8029872397133455,0.5510206278759533,,SPHERE,2.3796,0.1613,0.4259
335.0,0.0,0.0,1.1342872545644445,,,,,,2.8029872397133455,0.5510206278759533,,SPHERE,2.3796,0.1613,0.4259
340.0,0.0,0.0,1.2850640889003078,,,,,,2.8029872397133455,0.5510206278759533,,SPHERE,2.3796,0.1613,0.4259
345.0,0.0,0.0,1.4155398795106913,,,,,,2.8029872397133455,0.5510206278759533,,SPHERE,2.3796,0.1613,0.4259
350.0,0.0,0.0,1.5164602109021743,,,,,,2.8029872397133455,0.5510206278759533,,SPHERE,2.3796,0.1613,0.4259
355.0,0.0,0.0,1.580301210682086,,,,,,2.8029872397133455,0.5510206278759533,,SPHERE,2.3796,0.1613,0.4259
